{
  "train_loss": [
    1.9329632601208158,
    1.6110997427834406,
    1.4959708726882934,
    1.399650239139133,
    1.3338987610710993,
    1.294650558535258,
    1.254803345383538,
    1.2149496669981215,
    1.1884686318715414,
    1.1659470808876886,
    1.140242444589403,
    1.1309244375652736,
    1.109093383555942,
    1.1051146111170451,
    1.0882115812937418
  ],
  "train_acc": [
    27.815555555555555,
    40.50666666666667,
    45.431111111111115,
    49.21333333333333,
    52.35111111111111,
    53.80222222222222,
    55.07111111111111,
    56.78666666666667,
    57.63777777777778,
    58.56666666666667,
    59.715555555555554,
    59.82222222222222,
    60.72222222222222,
    60.68,
    61.65111111111111
  ],
  "val_loss": [
    1.6029897304534912,
    1.513713681602478,
    1.3498628345489503,
    1.2566738414764405,
    1.2373494953155517,
    1.183825742340088,
    1.1349687158584594,
    1.1291004987716675,
    1.0830016384124757,
    1.0810897317886352,
    1.0504187686920166,
    1.0394465953826904,
    1.0437372877120972,
    1.0036332756996156,
    1.0386160469055177
  ],
  "val_acc": [
    41.38,
    44.8,
    50.8,
    54.7,
    56.16,
    57.18,
    60.7,
    60.44,
    62.5,
    61.36,
    62.82,
    63.56,
    64.0,
    64.68,
    62.74
  ],
  "best_val_acc": 64.68
}