{
  "train_loss": [
    1.606185589726766,
    1.141062871339586,
    0.9275438946935866,
    0.7755281625959608,
    0.6820202801810371,
    0.6022270573933919,
    0.5413347060945299,
    0.5018080837249755,
    0.4588156597243415,
    0.42373940037621394,
    0.3978931354045868,
    0.37241982618437874,
    0.3479135000334846,
    0.32384776400989956,
    0.3036846825705634
  ],
  "train_acc": [
    40.702222222222225,
    59.13777777777778,
    66.93777777777778,
    73.12666666666667,
    76.24,
    78.88888888888889,
    81.34,
    82.42666666666666,
    83.90222222222222,
    85.21111111111111,
    85.95555555555555,
    87.10666666666667,
    88.01333333333334,
    88.72444444444444,
    89.45111111111112
  ],
  "val_loss": [
    1.4502399732589721,
    1.0255425048828124,
    0.9671202858924866,
    0.7573786838054657,
    0.7657050123691559,
    0.5832879985332489,
    0.6247968931317329,
    0.6406491950511932,
    0.6119399177074433,
    0.517399436378479,
    0.45448091961145404,
    0.4715317682266235,
    0.4753699375391007,
    0.47344412247538564,
    0.40238242309093475
  ],
  "val_acc": [
    50.24,
    63.76,
    67.92,
    74.64,
    74.62,
    80.26,
    79.08,
    79.04,
    79.36,
    82.38,
    84.74,
    84.66,
    84.92,
    84.72,
    86.56
  ],
  "best_val_acc": 86.56
}