{
  "train_loss": [
    1.6609738438076442,
    1.3102492261250813,
    1.1598379061169095,
    1.0766263564215766,
    1.0069979182667201,
    0.9492586419211494,
    0.9159697658538818,
    0.8798176296552023,
    0.845270742448171,
    0.8180173206223382,
    0.8002704238467746,
    0.7726501523971557,
    0.7587154945161607,
    0.7368285904566447,
    0.718862117989858
  ],
  "train_acc": [
    38.06666666666667,
    52.20444444444445,
    58.13333333333333,
    61.55777777777778,
    64.22666666666667,
    66.40222222222222,
    67.43111111111111,
    69.00222222222222,
    70.11555555555556,
    71.23777777777778,
    71.99333333333334,
    72.82,
    73.32444444444444,
    74.20444444444445,
    74.76444444444445
  ],
  "val_loss": [
    1.3591928880691528,
    1.106006170654297,
    1.0488709606170654,
    0.9445734561920166,
    0.9112748928546905,
    0.8325713754653931,
    0.7957247455596924,
    0.7571290969848633,
    0.7308400199890137,
    0.7465786490440368,
    0.6932791278839111,
    0.6695037596702575,
    0.681894260597229,
    0.6491971193313598,
    0.6437652448654175
  ],
  "val_acc": [
    50.04,
    58.98,
    62.4,
    66.38,
    67.74,
    70.92,
    72.24,
    73.14,
    74.4,
    74.32,
    75.62,
    76.64,
    75.68,
    77.56,
    77.16
  ],
  "best_val_acc": 77.56
}