{
  "train_loss": [
    1.9287583442264133,
    1.43412664864858,
    1.1244825083732606,
    0.9736922249688043,
    0.8684428154733446,
    0.7954603288650512,
    0.728769219048818,
    0.6710870089213054,
    0.6311993774096171,
    0.5917130109045241,
    0.5540093468878005,
    0.5249637596183353,
    0.5022641348520914,
    0.479215153810713,
    0.45539450142118665
  ],
  "train_acc": [
    23.84888888888889,
    45.84444444444444,
    59.67777777777778,
    65.92666666666666,
    69.75555555555556,
    72.41555555555556,
    75.08,
    77.04888888888888,
    78.81777777777778,
    79.94222222222223,
    81.47777777777777,
    82.1288888888889,
    83.14,
    83.7311111111111,
    84.61777777777777
  ],
  "val_loss": [
    1.6685679500579833,
    1.1931940112113952,
    1.0312338105201722,
    0.910995638847351,
    0.8581290621757507,
    0.7582185561180115,
    0.6773049684524536,
    0.6595757280349731,
    0.5856395648002625,
    0.5957478377342225,
    0.5929214009284973,
    0.5795143311321735,
    0.564290170097351,
    0.49693673105239866,
    0.5340397042274475
  ],
  "val_acc": [
    37.22,
    56.72,
    64.44,
    68.08,
    69.68,
    73.56,
    76.42,
    77.46,
    79.64,
    79.62,
    79.78,
    79.46,
    80.4,
    83.2,
    82.08
  ],
  "best_val_acc": 83.2
}